#Organism group,Host,Source type,Create date,Location,Food origin,Collection date
"Listeria monocytogenes","fish",,"2017-11-07T14:33:04Z","China: Shanghai",,"2008"
"Listeria monocytogenes","fish",,"2020-07-02T03:28:22Z","Finland:Helsinki",,"1996"
"Listeria monocytogenes","fish",,"2020-07-02T03:29:27Z","Finland:Helsinki",,"2001"
"Listeria monocytogenes","fish",,"2020-07-02T03:30:14Z","Finland:Helsinki",,
"Listeria monocytogenes","fish",,"2020-07-02T03:36:19Z","Finland:Helsinki",,"1999"
"Listeria monocytogenes","fish",,"2020-07-02T03:38:24Z","Finland:Helsinki",,"1999"
"Listeria monocytogenes","fish",,"2020-07-02T03:39:10Z","Finland:Helsinki",,"1996"
"Listeria monocytogenes","fish",,"2020-07-02T03:40:10Z","Finland:Helsinki",,"2001"
"Listeria monocytogenes","fish",,"2020-07-02T03:47:21Z","Finland:Helsinki",,"1999"
"Listeria monocytogenes","fish",,"2020-07-02T03:51:27Z","Finland:Helsinki",,
"Listeria monocytogenes","fish",,"2020-07-02T03:53:50Z","Finland:Helsinki",,"2000"
"Listeria monocytogenes","fish",,"2020-07-02T03:55:29Z","Finland:Helsinki",,
"Listeria monocytogenes","fish",,"2020-07-02T03:56:08Z","Finland:Helsinki",,"2000"
"Listeria monocytogenes","fish",,"2020-07-02T03:56:46Z","Finland:Helsinki",,"1998"
"Listeria monocytogenes","fish",,"2020-07-02T03:56:54Z","Finland:Helsinki",,"1997"
"Listeria monocytogenes","fish",,"2020-07-02T03:58:11Z","Finland:Helsinki",,
"Listeria monocytogenes","fish",,"2020-07-02T03:58:34Z","Finland:Helsinki",,"2000"
"Listeria monocytogenes","fish",,"2020-07-02T04:48:00Z","Switzerland: Zurich",,"2012"
"Listeria monocytogenes","fish",,"2022-05-06T03:33:50Z","Italy",,"2021"
"Listeria monocytogenes","fish",,"2022-05-06T03:33:52Z","Italy",,"2021"
"Listeria monocytogenes","fish",,"2022-05-06T03:33:53Z","Italy",,"2021"
"Listeria monocytogenes","fish",,"2022-05-06T03:33:56Z","Italy",,"2021"
"Listeria monocytogenes","fish",,"2022-05-06T03:33:56Z","Italy",,"2021"
"Salmonella enterica","fish","animal","2013-12-17T02:02:45Z","USA:GA",,"2013-05-16"
"Salmonella enterica","fish",,"2022-10-05T23:36:03Z","Burkina Faso",,"2018"
"Salmonella enterica","fish",,"2022-10-05T23:36:11Z","Burkina Faso",,"2018"
"Salmonella enterica","fish",,"2022-10-05T23:36:12Z","Burkina Faso",,"2018"
"Salmonella enterica","fish",,"2022-10-05T23:36:21Z","Burkina Faso",,"2018"
"Salmonella enterica","fish",,"2022-10-05T23:36:22Z","Burkina Faso",,"2018"
"Salmonella enterica","fish",,"2022-10-05T23:36:29Z","Burkina Faso",,"2018"
"Salmonella enterica","fish",,"2022-10-05T23:36:29Z","Burkina Faso",,"2018"
"Salmonella enterica","fish",,"2022-10-05T23:36:31Z","Burkina Faso",,"2018"
"Salmonella enterica","fish",,"2022-10-05T23:36:38Z","Burkina Faso",,"2018"
"Salmonella enterica","fish",,"2022-10-05T23:37:13Z","Burkina Faso",,"2018"
"Salmonella enterica","fish",,"2022-10-05T23:37:22Z","Burkina Faso",,"2018"
"Salmonella enterica","fish",,"2022-10-05T23:37:31Z","Burkina Faso",,"2018"
"Salmonella enterica","fish",,"2022-10-05T23:38:11Z","Burkina Faso",,"2018"
"Salmonella enterica","fish",,"2022-10-05T23:38:23Z","Burkina Faso",,"2018"
"Salmonella enterica","fish",,"2022-10-05T23:38:32Z","Burkina Faso",,"2018"
"Salmonella enterica","fish",,"2022-10-05T23:38:41Z","Burkina Faso",,"2018"
"Salmonella enterica","fish",,"2022-10-05T23:38:50Z","Burkina Faso",,"2018"
"Salmonella enterica","fish",,"2022-10-05T23:39:15Z","Burkina Faso",,"2018"
"Salmonella enterica","fish",,"2022-10-05T23:39:23Z","Burkina Faso",,"2018"
"Salmonella enterica","fish",,"2022-10-05T23:39:32Z","Burkina Faso",,"2018"
"Salmonella enterica","fish",,"2022-10-05T23:39:41Z","Burkina Faso",,"2018"
"Salmonella enterica","fish",,"2022-10-05T23:39:50Z","Burkina Faso",,"2018"
"Salmonella enterica","fish",,"2022-10-05T23:40:12Z","Burkina Faso",,"2018"
"Salmonella enterica","fish",,"2022-10-05T23:40:21Z","Burkina Faso",,"2018"
"Salmonella enterica","fish",,"2022-10-05T23:40:30Z","Burkina Faso",,"2018"
"Salmonella enterica","fish",,"2022-10-05T23:40:39Z","Burkina Faso",,"2018"
"Salmonella enterica","fish",,"2022-10-05T23:40:48Z","Burkina Faso",,"2018"
"Salmonella enterica","fish",,"2022-10-05T23:40:58Z","Burkina Faso",,"2018"
"Salmonella enterica","fish",,"2024-02-13T04:45:51Z","China: Guangdong",,"2018-08-25"
"E.coli and Shigella","fish",,"2018-02-16T08:05:33Z","China: Guangzhou",,"2017"
"E.coli and Shigella","fish",,"2018-02-16T08:05:52Z","China: Guangzhou",,"2017"
"E.coli and Shigella","fish",,"2018-02-16T08:06:04Z","China: Guangzhou",,"2017"
"E.coli and Shigella","fish",,"2018-02-16T08:07:15Z","China: Guangzhou",,"2017"
"E.coli and Shigella","fish",,"2021-04-06T20:46:15Z","China:Hefei",,"2018"
"E.coli and Shigella","fish",,"2021-09-01T03:01:09Z","China: Guangzhou",,"2019-01-11"
"E.coli and Shigella","fish",,"2021-09-01T03:01:18Z","China: Guangzhou",,"2019-01-11"
"E.coli and Shigella","fish",,"2021-09-01T03:01:27Z","China: Guangzhou",,"2019-01-08"
"E.coli and Shigella","fish",,"2021-09-01T03:01:35Z","China: Guangzhou",,"2019-01-06"
"E.coli and Shigella","fish",,"2021-12-28T12:52:07Z","China:Hefei",,"2017-10-30"
"E.coli and Shigella","fish",,"2022-01-18T16:03:07Z","China: Guangzhou",,"2019-01-06"
"E.coli and Shigella","fish",,"2022-03-11T21:17:36Z","China",,"2017"
"E.coli and Shigella","fish",,"2022-03-11T21:17:46Z","China",,"2017"
"Acinetobacter baumannii","fish",,"2021-04-20T20:11:57Z","China: Hubei province",,"2013"
"Acinetobacter baumannii","fish",,"2022-06-27T12:23:43Z","China: Jiangsu province",,"2013"
"Acinetobacter baumannii","fish",,"2022-07-07T12:06:13Z","China: Hubei province",,"2013"
"Acinetobacter baumannii","fish",,"2024-02-08T04:11:13Z","Germany",,"2018"
"Acinetobacter baumannii","fish",,"2024-07-14T04:21:51Z","India: Umiam",,"2023-04"
"Klebsiella pneumoniae","fish",,"2022-12-07T05:16:37Z","India",,"2021"
"Klebsiella pneumoniae","fish",,"2023-05-09T03:28:03Z","India: Kathirikkadavu, Cochin",,"2019-04-04"
"Klebsiella pneumoniae","fish",,"2023-05-09T03:29:29Z","India: Kathirikkadavu, Cochin",,"2019-04-04"
"Serratia marcescens","fish","animal","2024-10-15T03:57:58Z","China: Whenzhou",,"2022-09-26"
"Morganella morganii","fish","animal","2024-10-15T04:02:04Z","China: Whenzhou",,"2022-09-26"
"Providencia alcalifaciens","fish",,"2023-05-10T13:19:12Z","China:Tanjin",,"2020"
"Vibrio parahaemolyticus","fish",,"2018-08-20T15:11:35Z","China",,"2015-09-28"
"Vibrio parahaemolyticus","fish",,"2025-06-24T19:46:16Z","China:Shanghai",,"2021-05-11"
"Vibrio parahaemolyticus","fish",,"2025-06-24T19:46:25Z","China:Shanghai",,"2021-05-11"
"Vibrio parahaemolyticus","fish",,"2025-06-24T20:12:44Z","China:Shanghai",,"2020-09-01"
"Vibrio parahaemolyticus","fish",,"2025-06-24T20:20:19Z","China:Shanghai",,"2020-08-10"
"Vibrio parahaemolyticus","fish",,"2025-06-24T20:20:20Z","China:Shanghai",,"2020-08-10"
"Vibrio parahaemolyticus","fish",,"2025-06-24T20:23:12Z","China:Shanghai",,"2020-08-10"
"Vibrio parahaemolyticus","fish",,"2025-06-24T20:28:24Z","China:Shanghai",,"2020-07-07"
"Citrobacter freundii","fish",,"2024-02-08T04:11:15Z","Germany",,"2018"
"Kluyvera_intermedia","fish","animal","2024-10-15T04:04:41Z","China: Whenzhou",,"2022-09-26"
"Vibrio vulnificus","fish",,"2023-08-09T05:17:26Z","China",,
"Vibrio vulnificus","fish",,"2023-08-09T05:22:17Z","China:Shanghai",,"2018-08-13"
"Vibrio vulnificus","fish",,"2023-08-09T05:22:37Z","China:Shanghai",,"2018-08-13"
"Vibrio vulnificus","fish",,"2023-08-09T05:25:14Z","China:Beihai",,"2018-10-08"
"Vibrio vulnificus","fish",,"2023-08-09T05:25:26Z","China:Beihai",,"2018-08-06"
"Vibrio vulnificus","fish",,"2023-08-09T05:25:32Z","China:Beihai",,"2018-08-06"
"Vibrio vulnificus","fish",,"2023-08-09T05:26:13Z","China:Beihai",,"2018-08-06"
"Vibrio vulnificus","fish",,"2023-08-09T05:26:19Z","China:Beihai",,"2018-08-06"
"Vibrio vulnificus","fish",,"2023-08-09T05:28:23Z","China:Beihai",,"2018-04-08"
"Vibrio vulnificus","fish",,"2023-08-09T05:28:29Z","China:Beihai",,"2018-04-08"
"Vibrio vulnificus","fish",,"2023-08-09T05:28:41Z","China:Guangzhou",,"2018-07-16"
"Vibrio vulnificus","fish",,"2023-08-09T05:28:47Z","China:Guangzhou",,"2018-07-16"
"Vibrio vulnificus","fish",,"2023-08-09T05:29:19Z","China:Guangzhou",,"2018-10-15"
"Photobacterium damselae","fish","animal","2018-03-31T18:35:19Z","USA","USA:CA","1982"
"Photobacterium damselae","Oncorhynchus mykiss",,"2020-06-24T03:35:21Z","Denmark",,"2006"
"Photobacterium damselae","fish",,"2023-06-05T17:39:11Z","China: Changdao, Yantai, Shandong",,"2017-05-16"
"Photobacterium damselae","fish",,"2023-06-05T17:41:14Z","China: Ganyu, Lianyungang, Jiangsu",,"2010-06-18"
"Photobacterium damselae","fish",,"2023-06-05T17:42:11Z","China: Ningde, Fujian",,"2014-11-10"
"Photobacterium damselae","fish",,"2023-06-05T17:50:13Z","China: Haiyang, Yantai, Shandong",,"2020-08-11"
"Photobacterium damselae","fish",,"2023-06-05T17:51:15Z","China: Huangdao, Qingdao, Shandong",,"2009-06-22"
"Photobacterium damselae","fish",,"2023-06-05T17:52:23Z","China: Changdao, Yantai, Shandong",,"2016-08-10"
"Photobacterium damselae","fish","animal","2024-10-15T04:17:27Z","China: Whenzhou",,"2022-09-26"
"Photobacterium damselae","fish","animal","2024-10-15T04:22:21Z","China: Whenzhou",,"2022-09-26"
"Aeromonas hydrophila","fish",,"2016-01-20T16:52:34Z","China: Dong xihu, Wuhan",,"2012"
"Aeromonas hydrophila","Oncorhynchus mykiss",,"2019-06-11T21:29:13Z","not available",,
"Aeromonas hydrophila","Oncorhynchus mykiss",,"2019-06-11T21:29:37Z","not available",,
"Aeromonas hydrophila","Oncorhynchus mykiss",,"2019-06-11T21:33:43Z","not available",,
"Aeromonas hydrophila","Oncorhynchus mykiss",,"2019-06-11T21:40:39Z","not available",,
"Aeromonas hydrophila","fish",,"2019-06-11T22:15:54Z","not available",,
"Aeromonas hydrophila","fish",,"2019-06-11T22:24:19Z","not available",,
"Aeromonas hydrophila","fish",,"2020-08-28T14:41:28Z","China: Hubei province",,"2013"
"Aeromonas hydrophila","Oncorhynchus mykiss","animal","2023-05-16T16:56:26Z","Canada: Ontario",,"2022-04-15"
"Aeromonas hydrophila","fish",,"2023-09-25T17:53:35Z","Viet Nam",,"2017"
"Aeromonas hydrophila","fish",,"2023-09-25T17:53:36Z","Viet Nam",,"2019"
"Aeromonas hydrophila","fish",,"2023-09-25T17:53:36Z","Viet Nam",,"2020"
"Aeromonas hydrophila","fish",,"2023-09-25T17:53:36Z","Viet Nam",,"2018"
"Aeromonas hydrophila","fish",,"2023-09-25T17:53:37Z","Viet Nam",,"2020"
"Aeromonas hydrophila","fish",,"2023-09-25T17:53:37Z","Viet Nam",,"2012"
"Aeromonas hydrophila","fish",,"2023-09-25T17:53:37Z","Viet Nam",,"2020"
"Aeromonas hydrophila","fish",,"2023-09-25T17:53:38Z","Viet Nam",,"2012"
"Aeromonas hydrophila","fish",,"2023-09-25T17:53:38Z","Viet Nam",,"2015"
"Aeromonas hydrophila","fish",,"2023-09-25T17:53:39Z","Viet Nam",,"2013"
"Aeromonas hydrophila","fish",,"2023-09-25T17:53:39Z","Viet Nam",,"2014"
"Aeromonas hydrophila","fish",,"2023-09-25T17:53:39Z","Viet Nam",,"2016"
"Aeromonas hydrophila","fish",,"2023-09-25T17:53:40Z","Viet Nam",,"2014"
"Aeromonas hydrophila","fish",,"2023-09-25T17:53:40Z","Viet Nam",,"2012"
"Aeromonas hydrophila","fish",,"2023-09-25T17:53:40Z","Viet Nam",,"2018"
"Aeromonas hydrophila","fish",,"2023-09-25T17:53:40Z","Viet Nam",,"2017"
"Aeromonas hydrophila","fish",,"2023-09-25T17:53:41Z","Viet Nam",,"2018"
"Aeromonas hydrophila","fish",,"2023-09-25T17:53:41Z","Viet Nam",,"2012"
"Aeromonas hydrophila","fish",,"2023-09-25T17:53:42Z","Viet Nam",,"2012"
"Aeromonas hydrophila","fish",,"2023-09-25T17:53:42Z","Viet Nam",,"2013"
"Aeromonas hydrophila","fish",,"2023-09-25T17:53:42Z","Viet Nam",,"2013"
"Aeromonas hydrophila","fish",,"2023-09-25T17:53:43Z","Viet Nam",,"2020"
"Aeromonas hydrophila","fish",,"2023-09-25T17:53:43Z","Viet Nam",,"2017"
"Aeromonas hydrophila","fish",,"2023-09-25T17:53:44Z","Viet Nam",,"2012"
"Aeromonas hydrophila","fish",,"2023-09-25T17:53:44Z","Viet Nam",,"2017"
"Aeromonas hydrophila","fish",,"2023-09-25T17:53:44Z","Viet Nam",,"2012"
"Aeromonas hydrophila","fish",,"2023-09-25T17:53:44Z","Viet Nam",,"2017"
"Aeromonas hydrophila","fish",,"2023-09-25T17:53:45Z","Viet Nam",,"2018"
"Aeromonas hydrophila","fish",,"2023-09-25T17:53:45Z","Viet Nam",,"2017"
"Aeromonas hydrophila","fish",,"2023-10-02T16:56:16Z","Viet Nam",,"2020"
"Aeromonas hydrophila","fish",,"2023-10-02T16:56:16Z","Viet Nam",,"2013"
"Aeromonas hydrophila","fish",,"2023-10-02T16:56:16Z","Viet Nam",,"2017"
"Aeromonas hydrophila","fish",,"2023-10-02T16:56:17Z","Viet Nam",,"2017"
"Aeromonas hydrophila","fish",,"2023-10-02T16:56:17Z","Viet Nam",,"2018"
"Aeromonas hydrophila","fish",,"2023-10-02T16:56:19Z","Viet Nam",,"2020"
"Aeromonas hydrophila","fish",,"2023-10-02T16:56:19Z","Viet Nam",,"2013"
"Aeromonas hydrophila","fish",,"2023-10-02T16:56:20Z","Viet Nam",,"2014"
"Aeromonas hydrophila","fish",,"2023-10-02T16:56:20Z","Viet Nam",,"2012"
"Aeromonas hydrophila","fish",,"2023-10-02T16:56:20Z","Viet Nam",,"2018"
"Aeromonas hydrophila","fish",,"2023-10-02T16:56:21Z","Viet Nam",,"2017"
"Aeromonas hydrophila","fish",,"2023-10-02T16:56:21Z","Viet Nam",,"2013"
"Aeromonas hydrophila","fish",,"2023-10-02T16:56:21Z","Viet Nam",,"2019"
"Aeromonas hydrophila","fish",,"2023-10-02T16:56:21Z","Viet Nam",,"2017"
"Aeromonas hydrophila","fish",,"2023-10-02T16:56:22Z","Viet Nam",,"2018"
"Aeromonas hydrophila","fish",,"2023-10-02T16:56:22Z","Viet Nam",,"2020"
"Aeromonas hydrophila","fish",,"2023-10-02T16:56:23Z","Viet Nam",,"2018"
"Aeromonas hydrophila","fish",,"2023-10-02T16:56:23Z","Viet Nam",,"2017"
"Aeromonas hydrophila","fish",,"2023-10-03T02:50:38Z","Viet Nam",,"2020"
"Aeromonas hydrophila","fish",,"2023-10-03T16:57:59Z","Viet Nam",,"2018"
"Aeromonas hydrophila","fish",,"2023-10-03T16:57:59Z","Viet Nam",,"2022"
"Aeromonas hydrophila","fish",,"2023-10-03T16:57:59Z","Viet Nam",,"2022"
"Aeromonas hydrophila","fish",,"2023-10-03T16:57:59Z","Viet Nam",,"2019"
"Aeromonas hydrophila","fish",,"2023-10-03T16:57:59Z","Viet Nam",,"2018"
"Aeromonas hydrophila","fish",,"2023-10-03T16:58:00Z","Viet Nam",,"2013"
"Aeromonas hydrophila","fish",,"2023-10-03T16:58:00Z","Viet Nam",,"2017"
"Aeromonas hydrophila","Oncorhynchus mykiss","animal","2023-10-08T00:49:47Z","Canada: Ontario",,"2021-07-16"
"Aeromonas hydrophila","fish",,"2023-10-21T19:01:21Z","Viet Nam",,"2018"
"Aeromonas hydrophila","fish",,"2025-05-19T16:56:11Z","China: Chengdu",,"2024-04"
"Aeromonas hydrophila","fish",,"2025-05-19T16:57:21Z","China: Chengdu",,"2024-04"
"Aeromonas hydrophila","fish",,"2025-05-19T17:01:15Z","China: Chengdu",,"2024-04"
"Aeromonas hydrophila","fish",,"2025-05-19T17:06:21Z","China: Chengdu",,"2024-04"
"Aeromonas hydrophila","fish",,"2025-05-19T17:08:16Z","China: Chengdu",,"2024-04"
"Aeromonas hydrophila","fish",,"2025-05-19T17:39:24Z","China: Chengdu",,"2024-04"
"Aeromonas hydrophila","fish",,"2025-05-19T17:44:12Z","China: Chengdu",,"2024-04"
"Aeromonas hydrophila","fish",,"2025-05-19T17:45:22Z","China: Chengdu",,"2024-04"
"Aeromonas hydrophila","fish",,"2025-05-19T17:47:15Z","China: Chengdu",,"2024-04"
"Aeromonas hydrophila","fish",,"2025-05-19T17:56:27Z","China: Chengdu",,"2024-04"
"Aeromonas hydrophila","fish",,"2025-05-19T17:58:18Z","China: Chengdu",,"2024-04"
"Aeromonas hydrophila","fish",,"2025-05-19T18:19:34Z","China: Chengdu",,"2024-04"
"Aeromonas hydrophila","fish",,"2025-05-19T18:21:18Z","China: Chengdu",,"2024-04"
"Aeromonas hydrophila","fish",,"2025-05-19T18:23:29Z","China: Chengdu",,"2024-04"
"Aeromonas hydrophila","fish",,"2025-05-19T18:27:15Z","China: Chengdu",,"2024-04"
"Aeromonas hydrophila","fish",,"2025-05-19T17:42:23Z","China: Chengdu",,"2024-04"
"Aeromonas hydrophila","fish",,"2025-05-19T17:49:18Z","China: Chengdu",,"2024-04"
"Aeromonas hydrophila","fish",,"2025-05-19T18:14:30Z","China: Chengdu",,"2024-04"
"Aeromonas hydrophila","fish",,"2025-05-19T18:14:35Z","China: Chengdu",,"2024-04"
"Aeromonas hydrophila","fish",,"2025-07-31T07:40:17Z","Brazil: Sao Paulo, Sao Paulo",,"2016"
"Aeromonas hydrophila","fish",,"2025-07-31T07:50:21Z","Brazil: Sao Paulo, Sao Paulo",,"2016"
"Enterococcus faecium","fish",,"2023-09-26T03:40:45Z","China",,"2022"
"Enterococcus faecalis","fish",,"2018-07-30T14:52:19Z","South Korea:southern sea",,"2011-07"
"Enterococcus faecalis","fish",,"2023-09-26T03:24:37Z","China",,"2022"
"Enterococcus faecalis","Oncorhynchus mykiss","animal","2024-04-18T18:20:14Z","Canada:Ontario",,"2023-07-31"
"Enterococcus faecalis","Oncorhynchus mykiss","animal","2025-01-06T19:22:00Z","Canada:Ontario",,"2024-06-17"
"Staphylococcus aureus","fish",,"2023-02-19T04:02:35Z","China: Anhui",,"2008-09"
"Staphylococcus aureus","fish",,"2025-05-18T03:12:32Z","China",,"2023-10-21"
"Pseudomonas putida","Oncorhynchus mykiss","animal","2021-09-28T20:31:27Z","USA:NY",,"2019-07-01"
"Pseudomonas putida","fish","animal","2024-10-15T04:00:02Z","China: Whenzhou",,"2022-09-26"
"Pseudomonas putida","fish","animal","2024-10-15T04:04:43Z","China: Whenzhou",,"2022-09-26"
"Pseudomonas putida","fish",,"2025-08-12T17:29:09Z","China:Zhanjiang",,"2022-04"
"Aeromonas veronii","fish",,"2020-03-02T14:01:23Z","China: Hubei province",,"2017"
"Aeromonas veronii","fish",,"2022-04-25T12:05:07Z","China:Hefei",,"2021-07-25"
"Aeromonas veronii","fish",,"2022-11-07T12:56:09Z","China:ShanTou",,"2010-08"
"Aeromonas veronii","fish",,"2023-02-18T05:16:23Z","Norway",,"2010"
"Aeromonas veronii","fish",,"2023-09-25T17:53:43Z","Viet Nam",,"2022"
"Aeromonas veronii","fish",,"2023-09-25T17:53:44Z","Viet Nam",,"2019"
"Aeromonas veronii","fish",,"2023-10-02T16:56:17Z","Viet Nam",,"2022"
"Aeromonas veronii","fish",,"2023-10-02T16:56:19Z","Viet Nam",,"2012"
"Aeromonas veronii","fish",,"2023-10-02T16:56:19Z","Viet Nam",,"2013"
"Aeromonas veronii","fish",,"2023-10-03T16:57:58Z","Viet Nam",,"2022"
"Aeromonas veronii","fish",,"2023-10-03T16:57:58Z","Viet Nam",,"2022"
"Aeromonas veronii","fish",,"2025-04-07T12:36:03Z","China: Changsha",,"2022-06-03"
"Aeromonas veronii","fish",,"2025-05-19T16:51:39Z","China: Chengdu",,"2024-04"
"Aeromonas veronii","fish",,"2025-05-19T16:53:24Z","China: Chengdu",,"2024-04"
"Aeromonas veronii","fish",,"2025-05-19T16:54:08Z","China: Chengdu",,"2024-04"
"Aeromonas veronii","fish",,"2025-05-19T16:56:05Z","China: Chengdu",,"2024-04"
"Aeromonas veronii","fish",,"2025-05-19T16:56:12Z","China: Chengdu",,"2024-04"
"Aeromonas veronii","fish",,"2025-05-19T16:57:26Z","China: Chengdu",,"2024-04"
"Aeromonas veronii","fish",,"2025-05-19T16:58:19Z","China: Chengdu",,"2024-04"
"Aeromonas veronii","fish",,"2025-05-19T16:59:14Z","China: Chengdu",,"2024-04"
"Aeromonas veronii","fish",,"2025-05-19T17:01:20Z","China: Chengdu",,"2024-04"
"Aeromonas veronii","fish",,"2025-05-19T17:02:19Z","China: Chengdu",,"2024-04"
"Aeromonas veronii","fish",,"2025-05-19T17:04:11Z","China: Chengdu",,"2024-04"
"Aeromonas veronii","fish",,"2025-05-19T17:04:16Z","China: Chengdu",,"2024-04"
"Aeromonas veronii","fish",,"2025-05-19T17:05:12Z","China: Chengdu",,"2024-04"
"Aeromonas veronii","fish",,"2025-05-19T17:06:15Z","China: Chengdu",,"2024-04"
"Aeromonas veronii","fish",,"2025-05-19T17:07:12Z","China: Chengdu",,"2024-04"
"Aeromonas veronii","fish",,"2025-05-19T17:08:22Z","China: Chengdu",,"2024-04"
"Aeromonas veronii","fish",,"2025-05-19T17:08:28Z","China: Chengdu",,"2024-04"
"Aeromonas veronii","fish",,"2025-05-19T17:10:14Z","China: Chengdu",,"2024-04"
"Aeromonas veronii","fish",,"2025-05-19T17:12:09Z","China: Chengdu",,"2024-04"
"Aeromonas veronii","fish",,"2025-05-19T17:12:16Z","China: Chengdu",,"2024-04"
"Aeromonas veronii","fish",,"2025-05-19T17:13:17Z","China: Chengdu",,"2024-04"
"Aeromonas veronii","fish",,"2025-05-19T17:15:19Z","China: Chengdu",,"2024-04"
"Aeromonas veronii","fish",,"2025-05-19T17:15:25Z","China: Chengdu",,"2024-04"
"Aeromonas veronii","fish",,"2025-05-19T17:15:30Z","China: Chengdu",,"2024-04"
"Aeromonas veronii","fish",,"2025-05-19T17:16:14Z","China: Chengdu",,"2024-04"
"Aeromonas veronii","fish",,"2025-05-19T17:17:12Z","China: Chengdu",,"2024-04"
"Aeromonas veronii","fish",,"2025-05-19T17:17:17Z","China: Chengdu",,"2024-04"
"Aeromonas veronii","fish",,"2025-05-19T17:19:24Z","China: Chengdu",,"2024-04"
"Aeromonas veronii","fish",,"2025-05-19T17:19:29Z","China: Chengdu",,"2024-04"
"Aeromonas veronii","fish",,"2025-05-19T17:20:21Z","China: Chengdu",,"2024-04"
"Aeromonas veronii","fish",,"2025-05-19T17:21:19Z","China: Chengdu",,"2024-04"
"Aeromonas veronii","fish",,"2025-05-19T17:22:23Z","China: Chengdu",,"2024-04"
"Aeromonas veronii","fish",,"2025-05-19T17:26:15Z","China: Chengdu",,"2024-04"
"Aeromonas veronii","fish",,"2025-05-19T17:26:25Z","China: Chengdu",,"2024-04"
"Aeromonas veronii","fish",,"2025-05-19T17:28:14Z","China: Chengdu",,"2024-04"
"Aeromonas veronii","fish",,"2025-05-19T17:28:19Z","China: Chengdu",,"2024-04"
"Aeromonas veronii","fish",,"2025-05-19T17:28:25Z","China: Chengdu",,"2024-04"
"Aeromonas veronii","fish",,"2025-05-19T17:31:21Z","China: Chengdu",,"2024-04"
"Aeromonas veronii","fish",,"2025-05-19T17:31:26Z","China: Chengdu",,"2024-04"
"Aeromonas veronii","fish",,"2025-05-19T17:32:09Z","China: Chengdu",,"2024-04"
"Aeromonas veronii","fish",,"2025-05-19T17:33:19Z","China: Chengdu",,"2024-04"
"Aeromonas veronii","fish",,"2025-05-19T17:33:29Z","China: Chengdu",,"2024-04"
"Aeromonas veronii","fish",,"2025-05-19T17:38:18Z","China: Chengdu",,"2024-04"
"Aeromonas veronii","fish",,"2025-05-19T17:38:23Z","China: Chengdu",,"2024-04"
"Aeromonas veronii","fish",,"2025-05-19T17:42:18Z","China: Chengdu",,"2024-04"
"Aeromonas veronii","fish",,"2025-05-19T17:42:28Z","China: Chengdu",,"2024-04"
"Aeromonas veronii","fish",,"2025-05-19T17:43:37Z","China: Chengdu",,"2024-04"
"Aeromonas veronii","fish",,"2025-05-19T17:45:27Z","China: Chengdu",,"2024-04"
"Aeromonas veronii","fish",,"2025-05-19T17:45:32Z","China: Chengdu",,"2024-04"
"Aeromonas veronii","fish",,"2025-05-19T17:47:20Z","China: Chengdu",,"2024-04"
"Aeromonas veronii","fish",,"2025-05-19T17:48:31Z","China: Chengdu",,"2024-04"
"Aeromonas veronii","fish",,"2025-05-19T17:50:20Z","China: Chengdu",,"2024-04"
"Aeromonas veronii","fish",,"2025-05-19T17:50:26Z","China: Chengdu",,"2024-04"
"Aeromonas veronii","fish",,"2025-05-19T17:50:31Z","China: Chengdu",,"2024-04"
"Aeromonas veronii","fish",,"2025-05-19T17:51:18Z","China: Chengdu",,"2024-04"
"Aeromonas veronii","fish",,"2025-05-19T17:52:12Z","China: Chengdu",,"2024-04"
"Aeromonas veronii","fish",,"2025-05-19T17:53:16Z","China: Chengdu",,"2024-04"
"Aeromonas veronii","fish",,"2025-05-19T17:53:21Z","China: Chengdu",,"2024-04"
"Aeromonas veronii","fish",,"2025-05-19T17:55:25Z","China: Chengdu",,"2024-04"
"Aeromonas veronii","fish",,"2025-05-19T17:55:30Z","China: Chengdu",,"2024-04"
"Aeromonas veronii","fish",,"2025-05-19T17:57:19Z","China: Chengdu",,"2024-04"
"Aeromonas veronii","fish",,"2025-05-19T17:57:35Z","China: Chengdu",,"2024-04"
"Aeromonas veronii","fish",,"2025-05-19T17:59:21Z","China: Chengdu",,"2024-04"
"Aeromonas veronii","fish",,"2025-05-19T17:59:26Z","China: Chengdu",,"2024-04"
"Aeromonas veronii","fish",,"2025-05-19T17:59:31Z","China: Chengdu",,"2024-04"
"Aeromonas veronii","fish",,"2025-05-19T18:00:18Z","China: Chengdu",,"2024-04"
"Aeromonas veronii","fish",,"2025-05-19T18:01:17Z","China: Chengdu",,"2024-04"
"Aeromonas veronii","fish",,"2025-05-19T18:01:22Z","China: Chengdu",,"2024-04"
"Aeromonas veronii","fish",,"2025-05-19T18:03:20Z","China: Chengdu",,"2024-04"
"Aeromonas veronii","fish",,"2025-05-19T18:03:26Z","China: Chengdu",,"2024-04"
"Aeromonas veronii","fish",,"2025-05-19T18:03:33Z","China: Chengdu",,"2024-04"
"Aeromonas veronii","fish",,"2025-05-19T18:04:12Z","China: Chengdu",,"2024-04"
"Aeromonas veronii","fish",,"2025-05-19T18:05:18Z","China: Chengdu",,"2024-04"
"Aeromonas veronii","fish",,"2025-05-19T18:06:18Z","China: Chengdu",,"2024-04"
"Aeromonas veronii","fish",,"2025-05-19T18:08:15Z","China: Chengdu",,"2024-04"
"Aeromonas veronii","fish",,"2025-05-19T18:08:20Z","China: Chengdu",,"2024-04"
"Aeromonas veronii","fish",,"2025-05-19T18:09:17Z","China: Chengdu",,"2024-04"
"Aeromonas veronii","fish",,"2025-05-19T18:09:22Z","China: Chengdu",,"2024-04"
"Aeromonas veronii","fish",,"2025-05-19T18:10:17Z","China: Chengdu",,"2024-04"
"Aeromonas veronii","fish",,"2025-05-19T18:11:21Z","China: Chengdu",,"2024-04"
"Aeromonas veronii","fish",,"2025-05-19T18:13:21Z","China: Chengdu",,"2024-04"
"Aeromonas veronii","fish",,"2025-05-19T18:16:18Z","China: Chengdu",,"2024-04"
"Aeromonas veronii","fish",,"2025-05-19T18:16:23Z","China: Chengdu",,"2024-04"
"Aeromonas veronii","fish",,"2025-05-19T18:16:28Z","China: Chengdu",,"2024-04"
"Aeromonas veronii","fish",,"2025-05-19T18:18:29Z","China: Chengdu",,"2024-04"
"Aeromonas veronii","fish",,"2025-05-19T18:19:24Z","China: Chengdu",,"2024-04"
"Aeromonas veronii","fish",,"2025-05-19T18:19:29Z","China: Chengdu",,"2024-04"
"Aeromonas veronii","fish",,"2025-05-19T18:21:23Z","China: Chengdu",,"2024-04"
"Aeromonas veronii","fish",,"2025-05-19T18:21:28Z","China: Chengdu",,"2024-04"
"Aeromonas veronii","fish",,"2025-05-19T18:23:24Z","China: Chengdu",,"2024-04"
"Aeromonas veronii","fish",,"2025-05-19T18:26:14Z","China: Chengdu",,"2024-04"
"Aeromonas veronii","fish",,"2025-05-19T18:28:16Z","China: Chengdu",,"2024-04"
"Aeromonas veronii","fish",,"2025-07-31T07:46:36Z","Brazil: Sao Paulo, Sao Paulo",,"2016"
"Aeromonas veronii","fish",,"2025-08-13T14:16:29Z","China:Changsha",,"2019-10-20"
"Aeromonas salmonicida","fish",,"2014-11-25T21:02:06Z","Canada: New Brunswick",,"2004"
"Aeromonas salmonicida","fish",,"2014-11-25T21:02:26Z","Canada: New Brunswick",,"2009"
"Aeromonas salmonicida","fish",,"2015-12-15T17:02:12Z","India",,
"Aeromonas salmonicida","fish",,"2016-02-23T17:16:19Z","France",,
"Aeromonas salmonicida","fish",,"2016-02-23T17:23:08Z","India",,
"Aeromonas salmonicida","fish",,"2019-06-11T22:02:45Z","not available",,
"Aeromonas salmonicida","fish",,"2019-06-11T22:20:20Z","not available",,
"Aeromonas salmonicida","Oncorhynchus mykiss",,"2019-06-11T22:35:32Z","not available",,
"Aeromonas salmonicida","Oncorhynchus mykiss",,"2021-10-25T18:29:54Z","Denmark",,"2001"
"Aeromonas salmonicida","Oncorhynchus mykiss",,"2021-10-25T18:29:55Z","Denmark",,"2002"
"Aeromonas salmonicida","Oncorhynchus mykiss",,"2021-10-25T18:29:55Z","Denmark",,"2002"
"Aeromonas salmonicida","Oncorhynchus mykiss",,"2021-10-25T18:29:55Z","Denmark",,"2003"
"Aeromonas salmonicida","Oncorhynchus mykiss",,"2021-10-25T18:29:55Z","Denmark",,"2003"
"Aeromonas salmonicida","Oncorhynchus mykiss",,"2021-10-25T18:29:56Z","Denmark",,"2004"
"Aeromonas salmonicida","Oncorhynchus mykiss",,"2021-10-25T18:29:56Z","Denmark",,"2004"
"Aeromonas salmonicida","Oncorhynchus mykiss",,"2021-10-25T18:29:56Z","Denmark",,"2004"
"Aeromonas salmonicida","Oncorhynchus mykiss",,"2021-10-25T18:29:57Z","Denmark",,"2005"
"Aeromonas salmonicida","Oncorhynchus mykiss",,"2021-10-25T18:29:57Z","Denmark",,"2008"
"Aeromonas salmonicida","Oncorhynchus mykiss",,"2021-10-25T18:29:57Z","Denmark",,"2008"
"Aeromonas salmonicida","Oncorhynchus mykiss",,"2021-10-25T18:29:57Z","Denmark",,"2008"
"Aeromonas salmonicida","Oncorhynchus mykiss",,"2021-10-25T18:29:58Z","Denmark",,"2008"
"Aeromonas salmonicida","Oncorhynchus mykiss",,"2021-10-25T18:29:58Z","Denmark",,"2009"
"Aeromonas salmonicida","Oncorhynchus mykiss",,"2021-10-25T18:29:58Z","Denmark",,"2009"
"Aeromonas salmonicida","Oncorhynchus mykiss",,"2021-10-25T18:29:59Z","Denmark",,"2009"
"Aeromonas salmonicida","Oncorhynchus mykiss",,"2021-10-25T18:29:59Z","Denmark",,"2009"
"Aeromonas salmonicida","Oncorhynchus mykiss",,"2021-10-25T18:29:59Z","Denmark",,"2009"
"Aeromonas salmonicida","Oncorhynchus mykiss",,"2021-10-25T18:29:59Z","Denmark",,"2010"
"Aeromonas salmonicida","Oncorhynchus mykiss",,"2021-10-25T18:30:00Z","Denmark",,"2010"
"Aeromonas salmonicida","Oncorhynchus mykiss",,"2021-10-25T18:30:00Z","Denmark",,"2010"
"Aeromonas salmonicida","Oncorhynchus mykiss",,"2021-10-25T18:30:00Z","Denmark",,"2010"
"Aeromonas salmonicida","Oncorhynchus mykiss",,"2021-10-25T18:30:01Z","Denmark",,"2011"
"Aeromonas salmonicida","Oncorhynchus mykiss",,"2021-10-25T18:30:01Z","Denmark",,"2011"
"Aeromonas salmonicida","Oncorhynchus mykiss",,"2021-10-25T18:30:01Z","Denmark",,"2012"
"Aeromonas salmonicida","Oncorhynchus mykiss",,"2021-10-25T18:30:02Z","Denmark",,"2014"
"Aeromonas salmonicida","Oncorhynchus mykiss",,"2021-10-25T18:30:02Z","Denmark",,"2013"
"Aeromonas salmonicida","Oncorhynchus mykiss",,"2021-10-25T18:30:02Z","Denmark",,"2013"
"Aeromonas salmonicida","Oncorhynchus mykiss",,"2021-10-25T18:30:03Z","Denmark",,"2014"
"Aeromonas salmonicida","Oncorhynchus mykiss",,"2021-10-25T18:30:03Z","Denmark",,"2014"
"Aeromonas salmonicida","Oncorhynchus mykiss",,"2021-10-25T18:30:03Z","Denmark",,"2014"
"Aeromonas salmonicida","Oncorhynchus mykiss",,"2021-10-25T18:30:03Z","Denmark",,"2014"
"Aeromonas salmonicida","Oncorhynchus mykiss",,"2021-10-25T18:30:04Z","Denmark",,"2014"
"Aeromonas salmonicida","Oncorhynchus mykiss",,"2021-10-25T18:30:04Z","Denmark",,"2014"
"Aeromonas salmonicida","Oncorhynchus mykiss",,"2021-10-25T18:30:04Z","Denmark",,"1980"
"Aeromonas salmonicida","Oncorhynchus mykiss",,"2021-10-25T18:30:05Z","Denmark",,"1980"
"Aeromonas salmonicida","Oncorhynchus mykiss",,"2021-10-25T18:30:05Z","Denmark",,"1981"
"Aeromonas salmonicida","Oncorhynchus mykiss",,"2021-10-25T18:30:05Z","Denmark",,"1981"
"Aeromonas salmonicida","Oncorhynchus mykiss",,"2021-10-25T18:30:06Z","Denmark",,"1981"
"Aeromonas salmonicida","Oncorhynchus mykiss",,"2021-10-25T18:30:06Z","Denmark",,"1981"
"Aeromonas salmonicida","Oncorhynchus mykiss",,"2021-10-25T18:30:06Z","Denmark",,"1982"
"Aeromonas salmonicida","Oncorhynchus mykiss",,"2021-10-25T18:30:07Z","Denmark",,"1982"
"Aeromonas salmonicida","Oncorhynchus mykiss",,"2021-10-25T18:30:07Z","Denmark",,"1982"
"Aeromonas salmonicida","Oncorhynchus mykiss",,"2021-10-25T18:30:07Z","Denmark",,"1982"
"Aeromonas salmonicida","Oncorhynchus mykiss",,"2021-10-25T18:30:07Z","Denmark",,"1983"
"Aeromonas salmonicida","Oncorhynchus mykiss",,"2021-10-25T18:30:08Z","Denmark",,"1983"
"Aeromonas salmonicida","Oncorhynchus mykiss",,"2021-10-25T18:30:08Z","Denmark",,"1983"
"Aeromonas salmonicida","Oncorhynchus mykiss",,"2021-10-25T18:30:08Z","Denmark",,"1983"
"Aeromonas salmonicida","Oncorhynchus mykiss",,"2021-10-25T18:30:09Z","Denmark",,"1984"
"Aeromonas salmonicida","Oncorhynchus mykiss",,"2021-10-25T18:30:09Z","Denmark",,"1984"
"Aeromonas salmonicida","Oncorhynchus mykiss",,"2021-10-25T18:30:10Z","Denmark",,"1984"
"Aeromonas salmonicida","Oncorhynchus mykiss",,"2021-10-25T18:30:10Z","Denmark",,"1985"
"Aeromonas salmonicida","Oncorhynchus mykiss",,"2021-10-25T18:30:10Z","Denmark",,"1986"
"Aeromonas salmonicida","Oncorhynchus mykiss",,"2021-10-25T18:30:11Z","Denmark",,"1986"
"Aeromonas salmonicida","Oncorhynchus mykiss",,"2021-10-25T18:30:11Z","Denmark",,"1986"
"Aeromonas salmonicida","Oncorhynchus mykiss",,"2021-10-25T18:30:11Z","Denmark",,"1987"
"Aeromonas salmonicida","Oncorhynchus mykiss",,"2021-10-25T18:30:11Z","Denmark",,"1987"
"Aeromonas salmonicida","Oncorhynchus mykiss",,"2021-10-25T18:30:12Z","Denmark",,"1987"
"Aeromonas salmonicida","Oncorhynchus mykiss",,"2021-10-25T18:30:12Z","Denmark",,"1988"
"Aeromonas salmonicida","Oncorhynchus mykiss",,"2021-10-25T18:30:12Z","Denmark",,"1988"
"Aeromonas salmonicida","Oncorhynchus mykiss",,"2021-10-25T18:30:12Z","Denmark",,"1988"
"Aeromonas salmonicida","Oncorhynchus mykiss",,"2021-10-25T18:30:13Z","Denmark",,"1988"
"Aeromonas salmonicida","Oncorhynchus mykiss",,"2021-10-25T18:30:13Z","Denmark",,"1989"
"Aeromonas salmonicida","Oncorhynchus mykiss",,"2021-10-25T18:30:13Z","Denmark",,"1989"
"Aeromonas salmonicida","Oncorhynchus mykiss",,"2021-10-25T18:30:14Z","Denmark",,"1990"
"Aeromonas salmonicida","Oncorhynchus mykiss",,"2021-10-25T18:30:14Z","Denmark",,"1990"
"Aeromonas salmonicida","Oncorhynchus mykiss",,"2021-10-25T18:30:14Z","Denmark",,"1990"
"Aeromonas salmonicida","Oncorhynchus mykiss",,"2021-10-25T18:30:15Z","Denmark",,"1991"
"Aeromonas salmonicida","Oncorhynchus mykiss",,"2021-10-25T18:30:15Z","Denmark",,"1991"
"Aeromonas salmonicida","Oncorhynchus mykiss",,"2021-10-25T18:30:16Z","Denmark",,"1991"
"Aeromonas salmonicida","Oncorhynchus mykiss",,"2021-10-25T18:30:16Z","Denmark",,"1991"
"Aeromonas salmonicida","Oncorhynchus mykiss",,"2021-10-25T18:30:16Z","Denmark",,"1992"
"Aeromonas salmonicida","Oncorhynchus mykiss",,"2021-10-25T18:30:16Z","Denmark",,"1992"
"Aeromonas salmonicida","Oncorhynchus mykiss",,"2021-10-25T18:30:17Z","Denmark",,"1993"
"Aeromonas salmonicida","Oncorhynchus mykiss",,"2021-10-25T18:30:17Z","Denmark",,"1993"
"Aeromonas salmonicida","Oncorhynchus mykiss",,"2021-10-25T18:30:18Z","Denmark",,"1993"
"Aeromonas salmonicida","Oncorhynchus mykiss",,"2021-10-25T18:30:18Z","Denmark",,"1993"
"Aeromonas salmonicida","Oncorhynchus mykiss",,"2021-10-25T18:30:18Z","Denmark",,"1993"
"Aeromonas salmonicida","Oncorhynchus mykiss",,"2021-10-25T18:30:18Z","Denmark",,"1994"
"Aeromonas salmonicida","Oncorhynchus mykiss",,"2021-10-25T18:30:19Z","Denmark",,"1994"
"Aeromonas salmonicida","Oncorhynchus mykiss",,"2021-10-25T18:30:19Z","Denmark",,"1995"
"Aeromonas salmonicida","Oncorhynchus mykiss",,"2021-10-25T18:30:19Z","Denmark",,"1995"
"Aeromonas salmonicida","Oncorhynchus mykiss",,"2021-10-25T18:30:19Z","Denmark",,"1995"
"Aeromonas salmonicida","Oncorhynchus mykiss",,"2021-10-25T18:30:20Z","Denmark",,"1995"
"Aeromonas salmonicida","Oncorhynchus mykiss",,"2021-10-25T18:30:20Z","Denmark",,"1995"
"Aeromonas salmonicida","Oncorhynchus mykiss",,"2021-10-25T18:30:20Z","Denmark",,"1995"
"Aeromonas salmonicida","Oncorhynchus mykiss",,"2021-10-25T18:30:20Z","Denmark",,"1996"
"Aeromonas salmonicida","Oncorhynchus mykiss",,"2021-10-25T18:30:21Z","Denmark",,"1996"
"Aeromonas salmonicida","Oncorhynchus mykiss",,"2021-10-25T18:30:21Z","Denmark",,"1996"
"Aeromonas salmonicida","Oncorhynchus mykiss",,"2021-10-25T18:30:21Z","Denmark",,"1996"
"Aeromonas salmonicida","Oncorhynchus mykiss",,"2021-10-25T18:30:22Z","Denmark",,"1997"
"Aeromonas salmonicida","Oncorhynchus mykiss",,"2021-10-25T18:30:22Z","Denmark",,"1997"
"Aeromonas salmonicida","Oncorhynchus mykiss",,"2021-10-25T18:30:22Z","Denmark",,"1997"
"Aeromonas salmonicida","Oncorhynchus mykiss",,"2021-10-25T18:30:22Z","Denmark",,"1998"
"Aeromonas salmonicida","Oncorhynchus mykiss",,"2021-10-25T18:30:23Z","Denmark",,"1999"
"Aeromonas salmonicida","Oncorhynchus mykiss",,"2021-10-25T18:30:23Z","Denmark",,"1999"
"Aeromonas salmonicida","Oncorhynchus mykiss",,"2021-10-25T18:30:23Z","Denmark",,"1999"
"Aeromonas salmonicida","Oncorhynchus mykiss","animal","2021-10-25T18:30:24Z","USA: NM",,"2019-11-01"
"Aeromonas salmonicida","Oncorhynchus mykiss","animal","2021-10-25T18:30:25Z","USA:NY",,"2019-07-01"
"Aeromonas salmonicida","Oncorhynchus mykiss","animal","2022-08-02T20:37:46Z","USA:ID",,"2020-04-29"
"Aeromonas salmonicida","Oncorhynchus mykiss","animal","2022-08-02T20:37:50Z","USA:WA",,"2020-10-16"
"Aeromonas salmonicida","Oncorhynchus mykiss","animal","2022-12-22T19:44:49Z","USA: OH",,"2022-04-28"
"Aeromonas salmonicida","Oncorhynchus mykiss","animal","2022-12-22T19:44:49Z","USA: OH",,"2022-02-04"
"Aeromonas salmonicida","fish",,"2023-04-23T11:58:18Z","China: Shandong",,"2018-02-28"
"Aeromonas salmonicida","Oncorhynchus mykiss",,"2023-05-09T00:02:16Z","Peru:Junin",,"2018-08"
"Aeromonas salmonicida","Oncorhynchus mykiss",,"2023-05-09T00:02:16Z","Peru:Cajamarca",,"2018-07"
"Aeromonas salmonicida","Oncorhynchus mykiss",,"2023-05-09T00:02:16Z","Peru:Puno",,"2018-09"
"Aeromonas salmonicida","Oncorhynchus mykiss",,"2023-05-09T00:02:16Z","Peru:Ancash",,"2018-08"
"Aeromonas salmonicida","Oncorhynchus mykiss",,"2023-05-09T00:02:17Z","Peru:Cajamarca",,"2018-07"
"Aeromonas salmonicida","Oncorhynchus mykiss",,"2023-05-09T00:02:18Z","Peru:Cajamarca",,"2018-07"
"Aeromonas salmonicida","fish",,"2023-09-25T17:53:37Z","Viet Nam",,"2013"
"Aeromonas salmonicida","fish",,"2023-10-03T16:57:58Z","Viet Nam",,"2022"
"Aeromonas salmonicida","Oncorhynchus mykiss","animal","2024-05-17T14:52:17Z","USA:WA",,"2021-01-27"
"Aeromonas salmonicida","Oncorhynchus mykiss","animal","2025-01-06T19:22:01Z","Canada:Ontario",,"2024-06-05"
"Aeromonas salmonicida","fish",,"2025-05-19T17:44:17Z","China: Chengdu",,"2024-04"
"Aeromonas salmonicida","fish",,"2025-05-19T18:02:16Z","China: Chengdu",,"2024-04"
"Aeromonas salmonicida","fish",,"2025-05-19T18:04:17Z","China: Chengdu",,"2024-04"
"Aeromonas salmonicida","fish",,"2025-05-19T18:06:10Z","China: Chengdu",,"2024-04"
"Aeromonas salmonicida","fish",,"2025-05-19T18:25:15Z","China: Chengdu",,"2024-04"
"Aeromonas salmonicida","fish",,"2025-05-19T18:26:23Z","China: Chengdu",,"2024-04"
"Aeromonas salmonicida","fish",,"2025-05-19T17:36:20Z","China: Chengdu",,"2024-04"
"Aeromonas salmonicida","Oncorhynchus mykiss","animal","2025-06-11T18:45:51Z","Canada:Ontario",,"2024-08-07"
"Aeromonas salmonicida","Oncorhynchus mykiss","animal","2025-06-11T18:46:05Z","Canada:Newfoundland and Labrador",,"2024-08-02"
"Flavobacterium psychrophilum","Oncorhynchus mykiss",,"2016-01-11T20:02:17Z","USA",,"2014-09-05"
"Flavobacterium psychrophilum","Oncorhynchus mykiss",,"2016-01-11T20:02:26Z","USA",,"2011-11-21"
"Flavobacterium psychrophilum","Oncorhynchus mykiss",,"2016-01-11T20:02:33Z","USA",,"2011-08-09"
"Flavobacterium psychrophilum","Oncorhynchus mykiss",,"2016-11-28T20:02:09Z","Canada",,"2009"
"Flavobacterium psychrophilum","Oncorhynchus mykiss",,"2016-11-28T20:02:05Z","Canada",,"2005"
"Flavobacterium psychrophilum","Oncorhynchus mykiss",,"2017-05-19T14:03:13Z","Canada",,"1997"
"Flavobacterium psychrophilum","Oncorhynchus mykiss",,"2017-05-19T14:04:30Z","Canada",,"2005"
"Flavobacterium psychrophilum","Oncorhynchus mykiss",,"2017-05-19T14:05:11Z","Canada",,"2008"
"Flavobacterium psychrophilum","Oncorhynchus mykiss",,"2017-05-19T14:05:15Z","Canada",,"1994"
"Flavobacterium psychrophilum","Oncorhynchus mykiss",,"2017-05-19T14:07:36Z","Canada: Ontario",,"2009"
"Flavobacterium psychrophilum","Oncorhynchus mykiss",,"2018-11-15T17:06:14Z","Canada",,"1994"
"Flavobacterium psychrophilum","Oncorhynchus mykiss",,"2018-11-16T22:16:41Z","Canada: Waterloo",,"2008"
"Flavobacterium psychrophilum","Oncorhynchus mykiss",,"2019-03-27T13:23:13Z","Finland",,"2011"
"Flavobacterium psychrophilum","Oncorhynchus mykiss",,"2019-03-27T13:24:07Z","Sweden",,"1988"
"Flavobacterium psychrophilum","Oncorhynchus mykiss",,"2019-03-27T13:24:13Z","Sweden",,"1988"
"Flavobacterium psychrophilum","Oncorhynchus mykiss",,"2019-03-27T13:26:07Z","Sweden",,"1990"
"Flavobacterium psychrophilum","Oncorhynchus mykiss",,"2019-03-27T13:26:13Z","Sweden",,"1991"
"Flavobacterium psychrophilum","Oncorhynchus mykiss",,"2019-03-27T13:26:22Z","Sweden",,"1991"
"Flavobacterium psychrophilum","Oncorhynchus mykiss",,"2019-03-27T13:27:08Z","Sweden",,"1991"
"Flavobacterium psychrophilum","Oncorhynchus mykiss",,"2019-03-27T13:28:05Z","Sweden",,"1994"
"Flavobacterium psychrophilum","Oncorhynchus mykiss",,"2019-03-27T13:28:17Z","Sweden",,"1994"
"Flavobacterium psychrophilum","Oncorhynchus mykiss",,"2019-03-27T13:29:05Z","Sweden",,"2001"
"Flavobacterium psychrophilum","Oncorhynchus mykiss",,"2019-03-27T13:30:06Z","Sweden",,"1995"
"Flavobacterium psychrophilum","Oncorhynchus mykiss",,"2019-03-27T13:30:11Z","Sweden",,"2003"
"Flavobacterium psychrophilum","Oncorhynchus mykiss",,"2019-03-27T13:31:07Z","Sweden",,"1996"
"Flavobacterium psychrophilum","Oncorhynchus mykiss",,"2019-03-27T13:31:14Z","Sweden",,"2011"
"Flavobacterium psychrophilum","Oncorhynchus mykiss",,"2019-03-27T13:32:11Z","Sweden",,"2011"
"Flavobacterium psychrophilum","Oncorhynchus mykiss",,"2019-03-27T13:32:17Z","Sweden",,"2011"
"Flavobacterium psychrophilum","Oncorhynchus mykiss",,"2019-03-27T13:33:05Z","Sweden",,"2011"
"Flavobacterium psychrophilum","Oncorhynchus mykiss",,"2019-03-27T13:33:11Z","Sweden",,"2011"
"Flavobacterium psychrophilum","Oncorhynchus mykiss",,"2019-03-27T13:34:05Z","Sweden",,"2016"
"Flavobacterium psychrophilum","Oncorhynchus mykiss",,"2019-03-27T13:34:11Z","Sweden",,"2014"
"Flavobacterium psychrophilum","Oncorhynchus mykiss",,"2019-03-27T13:35:05Z","Sweden",,"2014"
"Flavobacterium psychrophilum","Oncorhynchus mykiss",,"2019-03-27T13:35:10Z","Sweden",,"2014"
"Flavobacterium psychrophilum","Oncorhynchus mykiss",,"2019-03-27T13:35:15Z","Sweden",,"2014"
"Flavobacterium psychrophilum","Oncorhynchus mykiss",,"2019-03-27T13:36:07Z","Sweden",,"2014"
"Flavobacterium psychrophilum","Oncorhynchus mykiss",,"2019-03-27T13:36:12Z","Sweden",,"2014"
"Flavobacterium psychrophilum","Oncorhynchus mykiss",,"2019-03-27T13:37:07Z","Sweden",,"2014"
"Flavobacterium psychrophilum","Oncorhynchus mykiss",,"2019-03-27T13:37:13Z","Sweden",,"2014"
"Flavobacterium psychrophilum","Oncorhynchus mykiss",,"2019-03-27T13:38:08Z","Sweden",,"2016"
"Flavobacterium psychrophilum","Oncorhynchus mykiss",,"2019-03-27T13:38:14Z","Sweden",,"2014"
"Flavobacterium psychrophilum","Oncorhynchus mykiss",,"2019-03-27T13:39:05Z","Sweden",,"2014"
"Flavobacterium psychrophilum","Oncorhynchus mykiss",,"2019-03-27T13:39:11Z","Sweden",,"2014"
"Flavobacterium psychrophilum","Oncorhynchus mykiss",,"2019-03-27T13:39:16Z","Sweden",,"2014"
"Flavobacterium psychrophilum","Oncorhynchus mykiss",,"2019-03-27T13:40:11Z","Sweden",,"2014"
"Flavobacterium psychrophilum","Oncorhynchus mykiss",,"2019-03-27T13:42:09Z","Sweden",,"2016"
"Flavobacterium psychrophilum","Oncorhynchus mykiss",,"2019-03-27T13:43:06Z","Sweden",,"2014"
"Flavobacterium psychrophilum","Oncorhynchus mykiss",,"2019-12-05T13:31:04Z","China",,"2016"
"Flavobacterium psychrophilum","Oncorhynchus mykiss",,"2021-08-26T11:54:07Z","China",,"2020"
"Flavobacterium psychrophilum","Oncorhynchus mykiss","animal","2021-10-26T22:27:49Z","USA: WA",,"2019-08-01"
"Flavobacterium psychrophilum","Oncorhynchus mykiss","animal","2021-10-26T22:27:49Z","USA: WA",,"2019-08-01"
"Flavobacterium psychrophilum","Oncorhynchus mykiss","animal","2021-10-26T22:27:55Z","USA: WA",,"2019-08-01"
"Flavobacterium psychrophilum","Oncorhynchus mykiss","animal","2021-10-26T22:27:56Z","USA: WA",,"2019-09-01"
"Flavobacterium psychrophilum","Oncorhynchus mykiss","animal","2021-10-26T22:27:57Z","USA: WA",,"2019-08-01"
"Flavobacterium psychrophilum","Oncorhynchus mykiss","animal","2021-10-26T22:27:57Z","USA: WA",,"2019-08-01"
"Flavobacterium psychrophilum","Oncorhynchus mykiss",,"2021-10-25T21:24:33Z","Czech Republic",,"2012"
"Flavobacterium psychrophilum","Oncorhynchus mykiss",,"2021-10-25T21:25:08Z","Czech Republic",,"2012"
"Flavobacterium psychrophilum","Oncorhynchus mykiss",,"2021-10-25T21:25:24Z","Czech Republic",,"2015"
"Flavobacterium psychrophilum","Oncorhynchus mykiss",,"2021-10-25T21:25:47Z","Czech Republic",,"2015"
"Flavobacterium psychrophilum","Oncorhynchus mykiss",,"2021-10-25T21:26:03Z","Czech Republic",,"2012"
"Flavobacterium psychrophilum","Oncorhynchus mykiss",,"2021-10-25T21:26:01Z","Czech Republic",,"2015"
"Flavobacterium psychrophilum","Oncorhynchus mykiss",,"2021-10-25T21:26:22Z","Czech Republic",,"2015"
"Flavobacterium psychrophilum","Oncorhynchus mykiss",,"2021-10-25T21:26:35Z","Czech Republic",,"2016"
"Flavobacterium psychrophilum","Oncorhynchus mykiss",,"2021-10-25T21:27:00Z","Czech Republic",,"2016"
"Flavobacterium psychrophilum","Oncorhynchus mykiss",,"2021-10-25T21:27:19Z","Czech Republic",,"2016"
"Flavobacterium psychrophilum","Oncorhynchus mykiss",,"2021-10-25T21:27:45Z","Czech Republic",,"2016"
"Flavobacterium psychrophilum","Oncorhynchus mykiss",,"2021-10-25T21:27:54Z","Czech Republic",,"2016"
"Flavobacterium psychrophilum","Oncorhynchus mykiss",,"2021-10-25T21:28:08Z","Czech Republic",,"2016"
"Flavobacterium psychrophilum","Oncorhynchus mykiss",,"2021-10-25T21:28:12Z","Czech Republic",,"2016"
"Flavobacterium psychrophilum","Oncorhynchus mykiss",,"2021-10-25T21:28:17Z","Czech Republic",,"2016"
"Flavobacterium psychrophilum","Oncorhynchus mykiss",,"2021-10-25T21:28:30Z","Czech Republic",,"2014"
"Flavobacterium psychrophilum","Oncorhynchus mykiss",,"2021-10-25T21:28:36Z","Czech Republic",,"2014"
"Flavobacterium psychrophilum","Oncorhynchus mykiss",,"2021-10-25T21:28:45Z","Czech Republic",,"2014"
"Flavobacterium psychrophilum","Oncorhynchus mykiss",,"2021-10-25T21:28:54Z","Czech Republic",,"2015"
"Flavobacterium psychrophilum","Oncorhynchus mykiss",,"2021-10-25T21:28:59Z","Czech Republic",,"2015"
"Flavobacterium psychrophilum","Oncorhynchus mykiss",,"2021-10-25T21:29:04Z","Czech Republic",,"2015"
"Flavobacterium psychrophilum","Oncorhynchus mykiss",,"2021-10-25T21:29:37Z","Czech Republic",,"2015"
"Flavobacterium psychrophilum","Oncorhynchus mykiss",,"2021-10-25T21:29:36Z","Czech Republic",,"2015"
"Flavobacterium psychrophilum","Oncorhynchus mykiss",,"2021-10-25T21:29:47Z","Czech Republic",,"2015"
"Flavobacterium psychrophilum","Oncorhynchus mykiss",,"2021-10-25T21:29:45Z","Czech Republic",,"2015"
"Flavobacterium psychrophilum","Oncorhynchus mykiss",,"2021-10-25T21:29:56Z","Czech Republic",,"2015"
"Flavobacterium psychrophilum","Oncorhynchus mykiss",,"2021-10-25T21:30:28Z","Czech Republic",,"2015"
"Flavobacterium psychrophilum","Oncorhynchus mykiss",,"2021-10-25T21:30:40Z","Czech Republic",,"2015"
"Flavobacterium psychrophilum","Oncorhynchus mykiss",,"2021-10-25T21:30:50Z","Czech Republic",,"2015"
"Flavobacterium psychrophilum","Oncorhynchus mykiss",,"2021-10-25T21:30:58Z","Czech Republic",,"2015"
"Flavobacterium psychrophilum","Oncorhynchus mykiss",,"2021-10-25T21:31:02Z","Czech Republic",,"2015"
"Flavobacterium psychrophilum","Oncorhynchus mykiss",,"2021-10-25T21:31:08Z","Czech Republic",,"2015"
"Flavobacterium psychrophilum","Oncorhynchus mykiss",,"2021-10-25T21:31:17Z","Czech Republic",,"2015"
"Flavobacterium psychrophilum","Oncorhynchus mykiss",,"2021-10-25T21:31:25Z","Czech Republic",,"2015"
"Flavobacterium psychrophilum","Oncorhynchus mykiss",,"2021-10-25T21:32:10Z","Czech Republic",,"2015"
"Flavobacterium psychrophilum","Oncorhynchus mykiss",,"2021-10-25T21:32:22Z","Czech Republic",,"2018"
"Flavobacterium psychrophilum","Oncorhynchus mykiss",,"2021-10-25T21:32:32Z","Czech Republic",,"2018"
"Flavobacterium psychrophilum","Oncorhynchus mykiss",,"2021-10-25T21:32:42Z","Czech Republic",,"2018"
"Flavobacterium psychrophilum","Oncorhynchus mykiss",,"2021-10-25T21:33:05Z","Czech Republic",,"2018"
"Flavobacterium psychrophilum","Oncorhynchus mykiss",,"2021-10-25T21:33:30Z","Czech Republic",,"2018"
"Flavobacterium psychrophilum","Oncorhynchus mykiss",,"2021-10-25T21:33:34Z","Czech Republic",,"2018"
"Flavobacterium psychrophilum","Oncorhynchus mykiss",,"2021-10-25T21:33:39Z","Czech Republic",,"2018"
"Flavobacterium psychrophilum","Oncorhynchus mykiss",,"2021-10-25T21:33:47Z","Czech Republic",,"2018"
"Flavobacterium psychrophilum","Oncorhynchus mykiss",,"2021-10-25T21:33:49Z","Czech Republic",,"2015"
"Flavobacterium psychrophilum","Oncorhynchus mykiss",,"2021-10-25T21:34:16Z","Czech Republic",,"2015"
"Flavobacterium psychrophilum","Oncorhynchus mykiss",,"2021-10-25T21:34:17Z","Czech Republic",,"2015"
"Flavobacterium psychrophilum","Oncorhynchus mykiss",,"2021-10-25T21:34:25Z","Czech Republic",,"2015"
"Flavobacterium psychrophilum","Oncorhynchus mykiss",,"2021-10-25T21:34:31Z","Czech Republic",,"2015"
"Flavobacterium psychrophilum","Oncorhynchus mykiss",,"2021-10-25T21:34:33Z","Czech Republic",,"2015"
"Flavobacterium psychrophilum","Oncorhynchus mykiss",,"2021-10-25T21:34:44Z","Czech Republic",,"2015"
"Flavobacterium psychrophilum","Oncorhynchus mykiss",,"2021-10-25T21:34:42Z","Czech Republic",,"2015"
"Flavobacterium psychrophilum","Oncorhynchus mykiss",,"2021-10-25T21:34:49Z","Czech Republic",,"2015"
"Flavobacterium psychrophilum","Oncorhynchus mykiss",,"2021-10-25T21:34:53Z","Czech Republic",,"2015"
"Flavobacterium psychrophilum","Oncorhynchus mykiss",,"2021-10-25T21:34:52Z","Czech Republic",,"2016"
"Flavobacterium psychrophilum","Oncorhynchus mykiss",,"2021-10-25T21:35:18Z","Czech Republic",,"2016"
"Flavobacterium psychrophilum","Oncorhynchus mykiss",,"2021-10-25T21:35:30Z","Czech Republic",,"2016"
"Flavobacterium psychrophilum","Oncorhynchus mykiss",,"2021-10-25T21:35:31Z","Czech Republic",,"2016"
"Flavobacterium psychrophilum","Oncorhynchus mykiss",,"2021-10-25T21:35:40Z","Czech Republic",,"2016"
"Flavobacterium psychrophilum","Oncorhynchus mykiss",,"2021-10-25T21:35:48Z","Czech Republic",,"2016"
"Flavobacterium psychrophilum","Oncorhynchus mykiss",,"2021-10-25T21:36:11Z","Czech Republic",,"2017"
"Flavobacterium psychrophilum","Oncorhynchus mykiss",,"2021-10-25T21:36:20Z","Czech Republic",,"2019"
"Flavobacterium psychrophilum","Oncorhynchus mykiss",,"2021-10-25T21:36:29Z","Czech Republic",,"2017"
"Flavobacterium psychrophilum","Oncorhynchus mykiss",,"2021-10-25T21:37:18Z","Czech Republic",,"2019"
"Flavobacterium psychrophilum","Oncorhynchus mykiss",,"2021-10-25T21:37:37Z","Czech Republic",,"2019"
"Flavobacterium psychrophilum","Oncorhynchus mykiss",,"2021-10-25T21:37:51Z","Czech Republic",,"2019"
"Flavobacterium psychrophilum","Oncorhynchus mykiss",,"2021-10-25T21:37:56Z","Czech Republic",,"2019"
"Flavobacterium psychrophilum","Oncorhynchus mykiss",,"2021-10-27T21:30:54Z","not collected",,
"Flavobacterium psychrophilum","Oncorhynchus mykiss","animal","2022-08-02T20:37:47Z","USA:WA",,"2020-02-07"
"Flavobacterium psychrophilum","Oncorhynchus mykiss","animal","2022-08-02T20:37:48Z","USA:WA",,"2020-01-27"
"Flavobacterium psychrophilum","Oncorhynchus mykiss","animal","2023-10-08T00:49:46Z","Canada: Ontario",,"2021-10-18"
"Flavobacterium psychrophilum","Oncorhynchus mykiss","animal","2023-10-08T00:49:46Z","Canada: Ontario",,"2021-10-01"
"Flavobacterium psychrophilum","Oncorhynchus mykiss","animal","2023-10-08T00:49:46Z","Canada: Ontario",,"2021-09-16"
"Flavobacterium psychrophilum","Oncorhynchus mykiss","animal","2023-10-08T00:49:46Z","Canada: Ontario",,"2021-08-10"
"Flavobacterium psychrophilum","Oncorhynchus mykiss","animal","2023-10-08T00:49:47Z","Canada: Ontario",,"2021-06-08"
"Flavobacterium psychrophilum","Oncorhynchus mykiss","animal","2023-10-08T00:49:47Z","Canada: Ontario",,"2021-04-16"
"Flavobacterium psychrophilum","Oncorhynchus mykiss","animal","2023-11-21T19:14:45Z","Canada:Ontario",,"2023-03-28"
"Flavobacterium psychrophilum","Oncorhynchus mykiss","animal","2023-11-21T19:14:45Z","Canada:Ontario",,"2023-03-20"
"Flavobacterium psychrophilum","Oncorhynchus mykiss","animal","2023-11-21T19:14:46Z","Canada:Ontario",,"2023-02-08"
"Flavobacterium psychrophilum","Oncorhynchus mykiss",,"2024-01-17T16:02:41Z","Turkey:Aegean Region, Mugla",,"2015"
"Flavobacterium psychrophilum","Oncorhynchus mykiss",,"2024-01-17T16:02:48Z","Turkey: Central Anatolia Region, Kayseri",,"2021"
"Flavobacterium psychrophilum","Oncorhynchus mykiss",,"2024-01-17T16:03:20Z","Turkey: Central Anatolia Region, Kayseri",,"2017"
"Flavobacterium psychrophilum","Oncorhynchus mykiss",,"2024-01-17T16:03:50Z","Turkey:Aegean Region, Mugla",,"2017"
"Flavobacterium psychrophilum","Oncorhynchus mykiss",,"2024-01-17T16:03:54Z","Turkey:Aegean Region, Mugla",,"2017"
"Flavobacterium psychrophilum","Oncorhynchus mykiss",,"2024-01-17T16:04:14Z","Turkey:Aegean Region, Mugla",,"2017"
"Flavobacterium psychrophilum","Oncorhynchus mykiss",,"2024-01-17T16:04:27Z","Turkey:Aegean Region, Mugla",,"2017"
"Flavobacterium psychrophilum","Oncorhynchus mykiss",,"2024-01-17T16:04:32Z","Turkey:Aegean Region, Mugla",,"2017"
"Flavobacterium psychrophilum","Oncorhynchus mykiss",,"2024-01-17T16:04:47Z","Turkey: East Anatolia Region, Elazg",,"2015"
"Flavobacterium psychrophilum","Oncorhynchus mykiss",,"2024-01-17T16:04:49Z","Turkey:Aegean Region, Mugla",,"2015"
"Flavobacterium psychrophilum","Oncorhynchus mykiss",,"2024-01-17T16:04:57Z","Turkey:Aegean Region, Mugla",,"2014"
"Flavobacterium psychrophilum","Oncorhynchus mykiss",,"2024-01-17T16:05:03Z","Turkey: Central Anatolia Region, Kayseri",,"2015"
"Flavobacterium psychrophilum","Oncorhynchus mykiss",,"2024-01-17T16:05:10Z","Turkey:Aegean Region, Mugla",,"2014"
"Flavobacterium psychrophilum","Oncorhynchus mykiss",,"2024-01-17T16:05:13Z","Turkey: Central Anatolia Region, Kayseri",,"2014"
"Flavobacterium psychrophilum","Oncorhynchus mykiss",,"2024-01-17T16:05:23Z","Turkey:Black Sea Region: Rize",,"2015"
"Flavobacterium psychrophilum","Oncorhynchus mykiss",,"2024-01-17T16:05:28Z","Turkey:Marmara Region, Duzce",,"2015"
"Flavobacterium psychrophilum","Oncorhynchus mykiss",,"2024-01-17T16:05:37Z","Turkey: Central Anatolia Region, Kayseri",,"2014"
"Flavobacterium psychrophilum","Oncorhynchus mykiss","animal","2024-04-18T18:20:11Z","Canada:Ontario",,"2023-09-07"
"Flavobacterium psychrophilum","Oncorhynchus mykiss",,"2024-04-19T17:00:46Z","Slovenia",,"2023"
"Flavobacterium psychrophilum","Oncorhynchus mykiss",,"2024-04-19T17:00:46Z","Slovenia",,"2022"
"Flavobacterium psychrophilum","Oncorhynchus mykiss",,"2024-04-19T17:00:47Z","Slovenia",,"2023"
"Flavobacterium psychrophilum","Oncorhynchus mykiss",,"2024-04-19T17:00:47Z","Slovenia",,"2023"
"Flavobacterium psychrophilum","Oncorhynchus mykiss",,"2024-04-19T17:00:48Z","Slovenia",,"2023"
"Flavobacterium psychrophilum","Oncorhynchus mykiss",,"2024-04-19T17:00:48Z","Slovenia",,"2023"
"Flavobacterium psychrophilum","Oncorhynchus mykiss",,"2024-04-19T17:00:48Z","Slovenia",,"2023"
"Flavobacterium psychrophilum","Oncorhynchus mykiss","animal","2024-04-30T18:01:11Z","USA:WA",,"2020-08-04"
"Flavobacterium psychrophilum","Oncorhynchus mykiss","animal","2024-04-30T18:01:12Z","USA:ID",,"2020-07-13"
"Flavobacterium psychrophilum","Oncorhynchus mykiss","animal","2024-04-30T18:01:13Z","USA:ID",,"2020-06-26"
"Flavobacterium psychrophilum","Oncorhynchus mykiss","animal","2024-04-30T18:01:13Z","USA:WA",,"2020-06-16"
"Flavobacterium psychrophilum","Oncorhynchus mykiss","animal","2024-04-30T18:01:17Z","USA:ID",,"2020-10-16"
"Flavobacterium psychrophilum","Oncorhynchus mykiss","animal","2024-04-30T18:01:19Z","USA:WA",,"2020-04-15"
"Flavobacterium psychrophilum","Oncorhynchus mykiss","animal","2024-05-17T14:52:29Z","USA:WA",,"2022-06-23"
"Flavobacterium psychrophilum","Oncorhynchus mykiss","animal","2024-05-17T14:52:29Z","USA:WA",,"2022-08-26"
"Flavobacterium psychrophilum","Oncorhynchus mykiss","animal","2024-05-17T14:52:30Z","USA:WA",,"2021-06-22"
"Flavobacterium psychrophilum","Oncorhynchus mykiss","animal","2024-05-17T14:52:31Z","USA:WA",,"2021-08-31"
"Flavobacterium psychrophilum","Oncorhynchus mykiss","animal","2024-05-17T14:52:31Z","USA:WA",,"2021-07-02"
"Flavobacterium psychrophilum","Oncorhynchus mykiss","animal","2024-06-21T14:59:46Z","USA:WA",,"2021-06-16"
"Flavobacterium psychrophilum","Oncorhynchus mykiss",,"2024-07-08T03:16:56Z","Canada: Ontario",,"2021-08"
"Flavobacterium psychrophilum","Oncorhynchus mykiss",,"2024-07-08T03:17:07Z","Canada: Ontario",,"2021-08"
"Flavobacterium psychrophilum","Oncorhynchus mykiss",,"2024-07-08T03:17:48Z","Canada: Ontario",,"2021-08"
"Flavobacterium psychrophilum","Oncorhynchus mykiss",,"2024-07-08T03:17:55Z","France: Seine-Maritime",,"2021-10-29"
"Flavobacterium psychrophilum","Oncorhynchus mykiss",,"2024-12-17T04:01:58Z","Turkey: Sivas",,"2022"
"Flavobacterium psychrophilum","Oncorhynchus mykiss",,"2024-12-17T04:02:06Z","Turkey: Kayseri",,"2022"
"Flavobacterium psychrophilum","Oncorhynchus mykiss",,"2024-12-17T04:02:14Z","Turkey: Sivas",,"2022"
"Flavobacterium psychrophilum","Oncorhynchus mykiss",,"2024-12-17T04:02:21Z","Turkey: Kayseri",,"2022"
"Flavobacterium psychrophilum","Oncorhynchus mykiss",,"2024-12-17T04:02:23Z","Turkey: Sivas",,"2022"
"Flavobacterium psychrophilum","Oncorhynchus mykiss",,"2024-12-17T04:02:29Z","Turkey: Kayseri",,"2022"
"Flavobacterium psychrophilum","Oncorhynchus mykiss",,"2024-12-17T04:02:31Z","Turkey: Sivas",,"2022"
"Flavobacterium psychrophilum","Oncorhynchus mykiss",,"2024-12-17T04:02:38Z","Turkey: Sivas",,"2022"
"Flavobacterium psychrophilum","Oncorhynchus mykiss",,"2024-12-17T04:02:38Z","Turkey: Kayseri",,"2022"
"Flavobacterium psychrophilum","Oncorhynchus mykiss","animal","2025-01-06T19:21:53Z","Canada:Ontario",,"2024-05-06"
"Flavobacterium psychrophilum","Oncorhynchus mykiss","animal","2025-01-06T19:21:53Z","Canada:Ontario",,"2024-04-02"
"Flavobacterium psychrophilum","Oncorhynchus mykiss","animal","2025-01-06T19:21:53Z","Canada:Ontario",,"2024-03-21"
"Flavobacterium psychrophilum","Oncorhynchus mykiss","animal","2025-01-06T19:21:58Z","Canada:Ontario",,"2024-02-22"
"Flavobacterium psychrophilum","Oncorhynchus mykiss","animal","2025-01-06T19:21:59Z","Canada:Ontario",,"2024-06-19"
"Flavobacterium psychrophilum","Oncorhynchus mykiss","animal","2025-01-06T19:22:02Z","Canada:Ontario",,"2024-05-27"
"Flavobacterium psychrophilum","Oncorhynchus mykiss","animal","2025-01-06T19:22:02Z","Canada:Ontario",,"2024-05-06"
"Flavobacterium psychrophilum","Oncorhynchus mykiss",,"2025-01-13T13:35:52Z","Turkey: Kayseri",,"2022"
"Flavobacterium psychrophilum","Oncorhynchus mykiss",,"2025-01-13T13:35:53Z","Turkey: Kayseri",,"2022"
"Flavobacterium psychrophilum","Oncorhynchus mykiss",,"2025-01-13T13:51:02Z","Turkey: Sivas",,"2022"
"Flavobacterium psychrophilum","Oncorhynchus mykiss",,"2025-01-13T13:51:05Z","Turkey: Sivas",,"2022"
"Flavobacterium psychrophilum","Oncorhynchus mykiss",,"2025-01-13T13:51:12Z","Turkey: Sivas",,"2022"
"Flavobacterium psychrophilum","Oncorhynchus mykiss",,"2025-01-13T14:06:21Z","Turkey: Kayseri",,"2022"
"Flavobacterium psychrophilum","Oncorhynchus mykiss",,"2025-01-13T14:06:27Z","Turkey: Kayseri",,"2022"
"Flavobacterium psychrophilum","Oncorhynchus mykiss",,"2025-01-13T14:06:41Z","Turkey: Kayseri",,"2022"
"Flavobacterium psychrophilum","Oncorhynchus mykiss",,"2025-01-13T14:21:37Z","Turkey: Sivas",,"2022"
"Flavobacterium psychrophilum","Oncorhynchus mykiss",,"2025-01-13T14:21:45Z","Turkey: Kayseri",,"2022"
"Flavobacterium psychrophilum","Oncorhynchus mykiss",,"2025-01-13T14:22:27Z","Turkey: Kayseri",,"2022"
"Flavobacterium psychrophilum","Oncorhynchus mykiss",,"2025-01-13T14:36:49Z","Turkey: Kayseri",,"2022"
"Flavobacterium psychrophilum","Oncorhynchus mykiss",,"2025-01-13T14:36:57Z","Turkey: Sivas",,"2022"
"Flavobacterium psychrophilum","Oncorhynchus mykiss",,"2025-01-13T14:37:43Z","Turkey: Sivas",,"2022"
"Flavobacterium psychrophilum","Oncorhynchus mykiss",,"2025-01-13T14:52:02Z","Turkey: Kayseri",,"2022"
"Flavobacterium psychrophilum","Oncorhynchus mykiss","animal","2025-06-11T18:46:08Z","Canada:Ontario",,"2024-09-25"
"Flavobacterium psychrophilum","Oncorhynchus mykiss","animal","2025-07-10T20:36:45Z","USA:WA",,"2024-10-17"
"Flavobacterium psychrophilum","Oncorhynchus mykiss","animal","2025-07-10T20:36:46Z","USA:WA",,"2024-07-11"
"Flavobacterium psychrophilum","Oncorhynchus mykiss","animal","2025-07-10T20:36:47Z","USA:WA",,"2024-05-13"
"Edwardsiella piscicida","Oncorhynchus mykiss","animal","2023-05-16T16:56:25Z","Canada: Ontario",,"2022-08-24"
"Edwardsiella piscicida","Oncorhynchus mykiss","animal","2023-10-08T00:49:44Z","Canada: Nova Scotia",,"2021-08-10"
"Edwardsiella piscicida","Oncorhynchus mykiss","animal","2023-10-08T00:49:45Z","Canada: Newfoundland and Labrador",,"2021-08-05"
"Edwardsiella piscicida","Oncorhynchus mykiss","animal","2023-10-08T00:49:47Z","Canada: Ontario",,"2021-08-04"
"Edwardsiella piscicida","Oncorhynchus mykiss",,"2024-10-15T13:37:07Z","USA: North Carolina",,"2019"
"Edwardsiella piscicida","Oncorhynchus mykiss","animal","2025-01-06T19:21:56Z","Canada:New Brunswick",,"2023-10-03"
"Edwardsiella piscicida","Oncorhynchus mykiss","animal","2025-06-11T18:46:05Z","Canada:New Brunswick",,"2024-09-05"
"Aeromonas sobria","Oncorhynchus mykiss",,"2019-06-11T21:30:27Z","not available",,
"Aeromonas sobria","Oncorhynchus mykiss",,"2019-06-11T21:31:27Z","not available",,
"Aeromonas sobria","fish",,"2019-06-11T22:02:35Z","not available",,
"Aeromonas sobria","fish",,"2019-06-11T22:26:16Z","not available",,
"Aeromonas sobria","Oncorhynchus mykiss",,"2019-08-26T16:08:25Z","Peru:Lima",,"2018-07"
"Aeromonas sobria","fish",,"2021-05-14T14:40:40Z",,,"1976"
"Aeromonas sobria","Oncorhynchus mykiss",,"2023-05-09T00:02:16Z","Peru:Puno",,"2018-09"
"Aeromonas sobria","Oncorhynchus mykiss",,"2023-05-09T00:02:16Z","Peru:Junin",,"2019-10"
"Aeromonas sobria","Oncorhynchus mykiss",,"2023-05-09T00:02:17Z","Peru:Junin",,"2019-10"
"Aeromonas sobria","Oncorhynchus mykiss",,"2023-05-09T00:02:17Z","Peru:Junin",,"2018-08"
"Aeromonas sobria","Oncorhynchus mykiss",,"2023-05-09T00:02:17Z","Peru:Junin",,"2018-08"
"Aeromonas sobria","Oncorhynchus mykiss","animal","2023-10-08T00:49:48Z","Canada: Ontario",,"2021-04-13"
"Shewanella algae","fish",,"2021-03-24T17:48:24Z","Senegal",,"1980"
"Shewanella algae","fish",,"2021-03-24T17:48:27Z","Denmark",,"1995"
"Streptococcus iniae","Oncorhynchus mykiss",,"2018-10-23T10:24:40Z","Reunion",,"1996"
"Streptococcus iniae","Oncorhynchus mykiss",,"2018-10-23T10:27:17Z","Israel",,"1998"
"Streptococcus iniae","Oncorhynchus mykiss",,"2018-10-23T10:27:44Z","Israel",,"2000"
"Streptococcus iniae","fish",,"2018-10-30T13:11:22Z","Canada",,"1996"
"Streptococcus iniae","fish",,"2016-06-02T13:04:16Z","China",,"2010-04-14"
"Yersinia ruckeri","fish",,"2015-07-19T10:32:09Z","Finland",,"1900/2008"
"Yersinia ruckeri","Oncorhynchus mykiss",,"2016-11-17T20:04:16Z","Australia: Tasmania",,"1989"
"Yersinia ruckeri","Oncorhynchus mykiss",,"2016-11-17T20:04:29Z","Australia: Tasmania",,"1989"
"Yersinia ruckeri","Oncorhynchus mykiss",,"2016-11-18T12:17:16Z","Australia: Tasmania",,"2011"
"Yersinia ruckeri","Oncorhynchus mykiss",,"2016-11-18T13:03:52Z","Australia: Tasmania",,"2000"
"Yersinia ruckeri","Oncorhynchus mykiss",,"2016-11-18T13:05:24Z","Australia: Tasmania",,"2002"
"Yersinia ruckeri","Oncorhynchus mykiss",,"2019-08-26T16:08:34Z","Peru:Lima",,"2018-07"
"Yersinia ruckeri","Oncorhynchus mykiss",,"2022-05-02T16:01:08Z","Canada: Ontario",,"1984"
"Yersinia ruckeri","Oncorhynchus mykiss",,"2022-05-02T16:01:33Z","USA: Idaho",,"1968"
"Yersinia ruckeri","Oncorhynchus mykiss",,"2022-05-02T16:01:41Z","United Kingdom",,
"Yersinia ruckeri","Oncorhynchus mykiss",,"2022-05-02T16:01:56Z","Sweden: Storsjon",,"2017-04-20"
"Yersinia ruckeri","Oncorhynchus mykiss","animal","2022-08-02T20:37:47Z","USA:WA",,"2020-02-03"
"Yersinia ruckeri","Oncorhynchus mykiss","animal","2022-08-02T20:37:47Z","USA:WA",,"2020-01-27"
"Yersinia ruckeri","Oncorhynchus mykiss","animal","2022-08-02T20:37:51Z","USA:WA",,"2020-01-09"
"Yersinia ruckeri","Oncorhynchus mykiss",,"2022-11-11T04:46:26Z","Norway",,"1987"
"Yersinia ruckeri","Oncorhynchus mykiss",,"2022-11-11T04:46:33Z","Norway",,"2002"
"Yersinia ruckeri","Oncorhynchus mykiss",,"2022-11-11T04:46:37Z","Norway",,"2002"
"Yersinia ruckeri","Oncorhynchus mykiss",,"2022-11-11T04:47:36Z","Norway",,"1994"
"Yersinia ruckeri","Oncorhynchus mykiss",,"2022-11-11T04:48:56Z","United Kingdom: England",,"1998"
"Yersinia ruckeri","Oncorhynchus mykiss",,"2022-11-11T04:49:25Z","United Kingdom: England",,"1984"
"Yersinia ruckeri","Oncorhynchus mykiss",,"2022-11-11T04:49:28Z","United Kingdom: England",,"1993"
"Yersinia ruckeri","Oncorhynchus mykiss",,"2022-11-11T04:49:42Z","USA",,"1979"
"Yersinia ruckeri","Oncorhynchus mykiss",,"2022-11-11T04:49:46Z","United Kingdom: England",,"2004"
"Yersinia ruckeri","Oncorhynchus mykiss",,"2022-11-11T04:50:10Z","USA",,"1981"
"Yersinia ruckeri","Oncorhynchus mykiss",,"2022-11-11T04:50:26Z","USA",,"1978"
"Yersinia ruckeri","Oncorhynchus mykiss",,"2022-11-11T04:50:35Z","USA",,"1979"
"Yersinia ruckeri","Oncorhynchus mykiss",,"2022-11-11T04:51:01Z","USA",,"1978"
"Yersinia ruckeri","Oncorhynchus mykiss",,"2022-11-11T04:51:11Z","USA",,"1963"
"Yersinia ruckeri","Oncorhynchus mykiss",,"2022-11-11T04:51:11Z","USA",,"1978"
"Yersinia ruckeri","Oncorhynchus mykiss",,"2022-11-28T19:58:08Z","Norway",,"2002"
"Yersinia ruckeri","Oncorhynchus mykiss","animal","2022-12-22T19:44:49Z","USA: OH",,"2022-02-11"
"Yersinia ruckeri","Oncorhynchus mykiss","animal","2023-10-07T16:56:49Z","Canada: New Brunswick",,"2021-08-25"
"Yersinia ruckeri","Oncorhynchus mykiss","animal","2024-05-17T15:48:31Z","USA:WA",,"2021-04-27"
"Yersinia ruckeri","Oncorhynchus mykiss","animal","2024-05-17T15:48:32Z","USA:WA",,"2021-01-27"
"Yersinia ruckeri","Oncorhynchus mykiss","animal","2024-05-17T15:48:37Z","USA:WA",,"2022-08-26"
"Yersinia ruckeri","Oncorhynchus mykiss","animal","2025-06-11T18:46:05Z","Canada:Newfoundland and Labrador",,"2024-07-19"
"Streptococcus agalactiae","fish",,"2021-11-25T04:05:07Z","Thailand",,
"Streptococcus agalactiae","fish",,"2021-11-25T04:23:05Z","Hong Kong",,"2017"
"Streptococcus agalactiae","fish",,"2021-11-25T04:23:08Z","Hong Kong",,"2017"
"Streptococcus agalactiae","fish",,"2021-11-25T04:24:08Z","Hong Kong",,"2017"
"Streptococcus agalactiae","fish",,"2021-11-25T04:24:17Z","Hong Kong",,"2017"
"Streptococcus agalactiae","fish",,"2021-11-25T04:24:25Z","Hong Kong",,"2017"
"Streptococcus agalactiae","fish",,"2021-11-25T04:24:40Z","Hong Kong",,"2017"
"Streptococcus agalactiae","fish",,"2021-11-25T04:24:57Z","Hong Kong",,"2017"
"Streptococcus agalactiae","fish",,"2021-11-25T04:25:04Z","Hong Kong",,"2017"
"Streptococcus agalactiae","fish",,"2021-11-25T04:25:07Z","Hong Kong",,"2017"
"Streptococcus agalactiae","fish",,"2021-11-25T04:25:11Z","Hong Kong",,"2017"
"Streptococcus agalactiae","fish",,"2021-11-25T04:25:15Z","Hong Kong",,"2017"
"Streptococcus agalactiae","fish",,"2021-11-25T04:25:19Z","Hong Kong",,"2017"
"Streptococcus agalactiae","fish",,"2021-11-25T04:25:23Z","Hong Kong",,"2017"
"Streptococcus agalactiae","fish",,"2021-11-25T04:25:27Z","Hong Kong",,"2017"
"Streptococcus agalactiae","fish",,"2021-11-25T04:25:34Z","Hong Kong",,"2017"
"Streptococcus agalactiae","fish",,"2021-11-25T04:25:38Z","Hong Kong",,"2017"
"Streptococcus agalactiae","fish",,"2021-11-25T04:25:42Z","Hong Kong",,"2017"
"Streptococcus agalactiae","fish",,"2021-11-25T04:25:45Z","Hong Kong",,"2017"
"Streptococcus agalactiae","fish",,"2021-11-25T04:25:50Z","Hong Kong",,"2017"
"Streptococcus agalactiae","fish",,"2021-11-25T04:25:58Z","Hong Kong",,"2017"
"Streptococcus agalactiae","fish",,"2021-11-25T04:26:06Z","Hong Kong",,"2017"
"Streptococcus agalactiae","fish",,"2021-11-25T04:26:21Z","Hong Kong",,"2017"
"Streptococcus agalactiae","fish",,"2021-11-25T04:27:08Z","Hong Kong",,"2017"
"Streptococcus agalactiae","fish",,"2021-11-25T04:27:15Z","Hong Kong",,"2017"
"Streptococcus agalactiae","fish",,"2021-11-25T04:27:46Z","Hong Kong",,"2017"
"Streptococcus agalactiae","fish",,"2021-11-25T04:28:01Z","Hong Kong",,"2017"
"Streptococcus agalactiae","fish",,"2021-11-25T04:28:07Z","Hong Kong",,"2017"
"Enterobacter hormaechei","fish",,"2024-02-08T04:11:20Z","Germany",,"2018"
"Enterobacter hormaechei","fish",,"2024-02-08T04:11:21Z","Germany",,"2018"
